ip,port,protocol
46.201.227.158,8080,https
5.135.155.111,3128,https
195.154.207.153,80,https
132.148.16.123,80,https
45.65.181.238,8080,https
79.137.254.51,60772,https
91.240.12.242,8080,https
176.196.89.216,46844,https
27.147.179.232,8080,https
176.113.19.87,38529,https
105.28.113.134,58321,https
5.59.145.129,8080,https
109.199.77.83,32151,https
81.12.91.224,8080,https
5.196.148.88,8888,https
36.66.55.153,8080,https
155.0.181.254,55385,https
123.31.43.63,3128,https
176.197.145.254,44882,https
186.251.123.100,8080,https
69.9.238.22,8080,https
190.205.98.150,53078,https
36.90.0.147,3128,https
188.128.63.210,8080,https
149.56.82.220,80,https
169.239.45.37,8080,https
125.162.48.62,8080,https
146.120.196.25,8080,https
131.255.133.218,8080,https
85.133.207.14,56728,https
191.252.177.139,3128,https
41.65.181.132,8080,https
12.189.125.89,37126,https
198.211.96.170,3128,https
51.158.119.4,8811,https
195.201.32.120,3128,https
147.75.123.66,8080,https
5.160.218.71,3128,https
188.242.224.144,56391,https
51.158.113.142,8811,https
103.30.115.162,80,https
177.11.118.231,8080,https
123.200.8.114,8080,https
203.246.112.133,3128,https
40.131.87.38,8080,https
5.128.73.158,8081,https
41.215.74.234,55961,https
36.92.32.237,8080,https
167.88.117.209,3128,https
178.57.89.142,35784,https
49.49.104.219,8080,https
202.166.220.150,30473,https
190.149.165.154,33299,https
89.39.108.202,47283,https
81.30.208.11,8080,https
217.150.56.125,8080,https
185.14.233.228,8080,https
85.223.157.204,40329,https
54.38.37.42,80,https
183.88.244.87,8080,https
213.6.31.38,36058,https
190.5.71.186,8080,https
94.100.18.121,9000,https
111.118.128.123,8080,https
37.17.12.33,51484,https
196.41.24.244,53854,https
46.52.255.69,8080,https
213.109.6.85,49718,https
105.247.171.202,8080,https
103.117.213.76,60903,https
49.0.39.186,8080,https
5.16.15.234,8080,https
115.79.24.188,39450,https
176.197.146.202,49074,https
86.110.189.118,56710,https
91.205.131.102,8080,https
109.167.209.36,8080,https
103.6.104.104,38898,https
36.67.57.165,37579,https
27.2.7.59,52148,https
188.121.8.222,45278,https
210.4.120.246,8080,https
91.215.90.87,8080,https
159.89.227.145,3128,https
177.185.129.214,8080,https
178.216.29.25,8080,https
94.242.55.108,10010,https
119.247.145.58,3128,https
176.235.99.114,31346,https
45.64.122.210,59876,https
177.66.221.5,8080,https
212.205.112.162,57205,https
95.64.253.177,30002,https
94.177.232.21,80,https
138.197.161.53,8080,https
203.190.117.232,8080,https
95.65.27.171,49478,https
118.174.234.55,35260,https
186.64.121.90,80,https
95.210.2.206,32407,https
195.239.115.106,44413,https
58.84.14.157,8080,https
202.57.62.170,39586,https
36.92.81.55,8080,https
77.238.79.111,8080,https
180.183.247.10,8080,https
185.87.50.244,3128,https
72.21.66.222,35771,https
195.9.162.186,8080,https
85.175.216.32,53281,https
125.26.165.17,32729,https
84.47.136.146,8080,https
149.54.10.226,8080,https
188.191.163.154,8080,https
203.76.124.35,8080,https
94.41.128.34,8080,https
95.47.51.114,8080,https
195.62.36.58,37631,https
186.5.117.18,3128,https
103.241.178.58,36702,https
109.95.255.82,8080,https
190.110.112.43,8080,https
161.49.176.250,8080,https
125.224.106.126,3128,https
191.240.149.161,8080,https
95.154.104.147,59011,https
51.158.106.54,8811,https
213.23.122.170,18443,https
212.46.255.78,8080,https
58.96.154.132,8080,https
188.94.164.178,8080,https
157.100.56.99,9991,https
46.150.170.10,53281,https
36.67.47.187,55997,https
94.25.104.250,8080,https
195.91.128.107,55780,https
35.240.8.116,8888,https
81.213.77.57,50874,https
212.75.217.42,40479,https
106.104.151.142,58198,https
136.228.128.164,50753,https
139.0.132.29,8080,https
200.32.51.179,8080,https
190.152.0.130,60444,https
110.39.249.50,8080,https
41.139.159.34,30590,https
41.75.74.24,8080,https
68.183.192.67,80,https
193.169.5.14,39602,https
109.72.244.72,8080,https
36.91.44.243,42353,https
194.186.173.6,54842,https
118.136.170.107,8080,https
91.205.146.25,37501,https
89.250.19.173,8080,https
200.141.135.234,8080,https
95.65.73.200,49763,https
79.104.28.46,35405,https
171.25.235.4,8080,https
84.52.74.194,8080,https
41.86.254.5,8080,https
66.96.232.250,8181,https
183.88.212.184,8080,https
45.238.101.7,8082,https
136.255.150.186,8080,https
175.184.232.74,8080,https
78.111.250.174,8080,https
51.68.61.17,80,https
23.237.23.73,3128,https
36.67.29.209,8080,https
178.150.84.139,30597,https
110.44.117.26,43922,https
62.176.27.228,3128,https
201.116.230.229,54951,https
91.214.240.19,61951,https
188.0.163.90,30121,https
46.173.191.51,53281,https
89.185.204.188,57914,https
42.115.26.154,8080,https
101.109.218.248,8080,https
36.89.243.187,49857,https
115.127.78.122,8080,https
5.137.202.120,8080,https
192.162.193.243,36910,https
196.202.153.67,3128,https
193.169.1.1,8080,https
67.205.191.90,80,https
191.102.86.166,8080,https
95.31.5.29,54651,https
102.129.30.129,8080,https
213.5.194.226,9090,https
14.207.34.205,8080,https
165.255.254.204,8080,https
5.141.86.233,48981,https
197.210.130.250,48719,https
119.18.147.111,8080,https
222.252.6.55,46140,https
162.144.220.192,80,https
159.192.249.160,8080,https
94.73.202.65,8081,https
163.172.205.110,3128,https
119.46.146.58,8080,https
36.90.96.151,8080,https
188.43.20.177,3128,https
200.54.247.98,8080,https
82.117.215.14,80,https
104.3.189.30,61702,https
103.36.34.129,8080,https
212.152.36.155,3128,https
217.145.199.45,57741,https
1.179.188.205,60008,https
77.108.67.40,54805,https
179.155.226.200,3128,https
131.196.7.6,3128,https
185.217.90.21,41220,https
89.188.110.196,8080,https
89.207.92.146,37766,https
182.52.90.43,33326,https
36.89.145.162,80,https
196.25.12.2,44193,https
185.148.82.160,3128,https
202.51.102.94,8080,https
102.176.160.107,8080,https
81.163.56.121,41258,https
171.6.75.48,8080,https
188.133.172.220,8080,https
103.75.54.98,8080,https
109.166.89.125,8080,https
217.21.146.105,8080,https
163.53.187.234,8080,https
31.149.96.10,60971,https
190.82.119.85,8080,https
89.208.20.250,34350,https
86.38.50.245,8000,https
115.124.78.142,38994,https
95.154.73.122,57612,https
213.138.71.118,81,https
183.88.228.68,8080,https
196.50.251.138,41858,https
1.2.169.49,32682,https
77.236.232.35,8080,https
176.212.127.1,61894,https
128.75.239.122,4550,https
31.28.99.25,46094,https
106.12.201.174,8080,https
94.242.59.135,1448,https
139.255.64.10,54855,https
80.65.77.98,39674,https
42.201.183.33,8080,https
189.1.162.92,8080,https
171.244.166.34,8080,https
77.232.186.2,8080,https
176.113.126.127,43788,https
128.201.161.2,999,https
95.134.195.78,56398,https
92.51.42.1,8080,https
89.169.16.4,53281,https
109.206.140.215,8080,https
182.48.72.146,8080,https
176.10.43.195,30969,https
92.255.188.159,53281,https
36.66.198.206,3128,https
62.173.145.48,3128,https
87.124.164.34,31668,https
202.136.94.13,8080,https
203.150.158.61,8080,https
81.30.27.54,9999,https
185.146.112.24,8080,https
49.48.140.59,8080,https
185.12.228.110,3128,https
80.211.91.251,8080,https
36.66.19.10,8080,https
203.123.255.142,30373,https
154.126.33.59,8080,https
95.46.6.136,8081,https
125.209.94.182,45304,https
83.239.97.26,45751,https
36.90.5.187,80,https
186.193.229.38,8080,https
84.52.83.70,52177,https
86.57.181.122,31766,https
14.207.33.226,8080,https
192.184.38.53,3128,https
35.246.135.126,8080,https
103.95.98.179,8080,https
180.183.115.226,8080,https
95.66.142.18,50334,https
221.5.80.66,3128,https
103.210.28.70,8080,https
195.82.116.230,8080,https
95.131.91.130,53540,https
31.193.124.70,53281,https
67.60.137.219,35979,https
89.23.194.174,8080,https
5.16.10.226,8080,https
117.196.235.30,8080,https
176.120.37.82,59365,https
124.41.211.139,39509,https
103.255.148.26,36831,https
36.66.171.155,8080,https
